<?xml version="1.0" encoding="UTF-8"?>
    <addon id="repository.bimozie" name="Bimozie Sviet" version="1.0.0" provider-name="Toto">
        <requires>
            <import addon="xbmc.addon" version="12.0.0"/>
        </requires>
        <extension point="xbmc.addon.repository" name="Bimozie Sviet">
            <info compressed="false">https://raw.githubusercontent.com/sviet2k/kodi.repository/bimozie/_repo/addons.xml</info>
            <checksum>https://raw.githubusercontent.com/sviet2k/kodi.repository/bimozie/_repo/addons.xml.md5</checksum>
            <datadir zip="true">https://raw.githubusercontent.com/sviet2k/kodi.repository/bimozie/_repo/</datadir>
            <hashes>false</hashes>
        </extension>
        <extension point="xbmc.addon.metadata">
            <summary>A short summary of this repository</summary>
            <description>The description can be longer. Using [CR] you can create a newline. The use of other markup is not advised.</description>
            <platform>all</platform>
    </extension>
</addon>